{
	"partitions" : [
		{
			"name" : "Top",
			"pins" : [
				{
					"name" : "leds[0]",
					"strict" : false
				},
				{
					"name" : "leds[1]",
					"strict" : false
				},
				{
					"name" : "leds[2]",
					"strict" : false
				},
				{
					"name" : "leds[3]",
					"strict" : false
				},
				{
					"name" : "leds[4]",
					"strict" : false
				},
				{
					"name" : "leds[5]",
					"strict" : false
				},
				{
					"name" : "leds[6]",
					"strict" : false
				},
				{
					"name" : "leds[7]",
					"strict" : false
				},
				{
					"name" : "leds[8]",
					"strict" : false
				},
				{
					"name" : "leds[9]",
					"strict" : false
				},
				{
					"name" : "hsync",
					"strict" : false
				},
				{
					"name" : "vsync",
					"strict" : false
				},
				{
					"name" : "red[0]",
					"strict" : false
				},
				{
					"name" : "red[1]",
					"strict" : false
				},
				{
					"name" : "red[2]",
					"strict" : false
				},
				{
					"name" : "red[3]",
					"strict" : false
				},
				{
					"name" : "green[0]",
					"strict" : false
				},
				{
					"name" : "green[1]",
					"strict" : false
				},
				{
					"name" : "green[2]",
					"strict" : false
				},
				{
					"name" : "green[3]",
					"strict" : false
				},
				{
					"name" : "blue[0]",
					"strict" : false
				},
				{
					"name" : "blue[1]",
					"strict" : false
				},
				{
					"name" : "blue[2]",
					"strict" : false
				},
				{
					"name" : "blue[3]",
					"strict" : false
				},
				{
					"name" : "rst",
					"strict" : false
				},
				{
					"name" : "ADCclock",
					"strict" : false
				},
				{
					"name" : "clock",
					"strict" : false
				}
			]
		}
	]
}